19-Nov-2008 22:49:00,19-Nov-2008 22:49:59,1
19-Nov-2008 22:50:40,19-Nov-2008 22:51:45,4
19-Nov-2008 22:59:25,19-Nov-2008 23:00:00,17
19-Nov-2008 23:00:50,20-Nov-2008 01:24:59,28
20-Nov-2008 00:14:50,20-Nov-2008 00:15:19,17
20-Nov-2008 00:39:00,20-Nov-2008 00:39:59,16
20-Nov-2008 01:30:29,20-Nov-2008 01:31:10,7
20-Nov-2008 01:31:30,20-Nov-2008 01:36:20,6
20-Nov-2008 01:36:59,20-Nov-2008 09:31:40,10
20-Nov-2008 08:48:39,20-Nov-2008 08:49:40,7
20-Nov-2008 09:32:49,20-Nov-2008 09:37:10,11
20-Nov-2008 10:41:50,20-Nov-2008 10:47:00,13
20-Nov-2008 10:47:00,20-Nov-2008 11:02:10,3
20-Nov-2008 11:03:00,20-Nov-2008 11:03:59,4
20-Nov-2008 13:11:10,20-Nov-2008 13:22:29,14
20-Nov-2008 13:18:50,20-Nov-2008 13:20:40,4
20-Nov-2008 13:22:29,20-Nov-2008 13:33:59,3
20-Nov-2008 13:35:20,20-Nov-2008 14:00:00,28
20-Nov-2008 15:28:00,20-Nov-2008 17:20:00,1
20-Nov-2008 17:21:59,20-Nov-2008 17:23:20,4
20-Nov-2008 17:27:19,20-Nov-2008 17:54:59,15
20-Nov-2008 17:54:59,20-Nov-2008 18:30:30,3
20-Nov-2008 18:14:29,20-Nov-2008 19:52:59,28
20-Nov-2008 19:50:10,20-Nov-2008 19:51:15,4
20-Nov-2008 19:57:10,20-Nov-2008 22:38:00,1
21-Nov-2008 00:44:30,21-Nov-2008 00:45:00,7
21-Nov-2008 00:45:00,21-Nov-2008 00:50:00,12
21-Nov-2008 00:50:59,21-Nov-2008 11:20:00,10
21-Nov-2008 06:00:59,21-Nov-2008 06:04:40,7
21-Nov-2008 11:21:29,21-Nov-2008 11:21:59,7
21-Nov-2008 11:24:29,21-Nov-2008 11:27:40,11
21-Nov-2008 11:33:30,21-Nov-2008 11:41:20,13
21-Nov-2008 11:41:20,21-Nov-2008 12:03:29,3
21-Nov-2008 13:07:59,21-Nov-2008 13:11:29,28
21-Nov-2008 13:42:40,21-Nov-2008 13:47:29,14
21-Nov-2008 13:47:40,21-Nov-2008 14:03:50,3
21-Nov-2008 14:37:50,21-Nov-2008 14:38:40,17
21-Nov-2008 14:52:20,21-Nov-2008 14:54:59,4
21-Nov-2008 15:42:59,21-Nov-2008 16:29:39,5
21-Nov-2008 16:30:00,21-Nov-2008 16:33:29,11
21-Nov-2008 16:43:50,21-Nov-2008 17:29:29,1
21-Nov-2008 18:17:14,21-Nov-2008 18:22:09,6
21-Nov-2008 18:22:09,21-Nov-2008 18:23:10,7
21-Nov-2008 18:23:29,21-Nov-2008 18:24:10,12
21-Nov-2008 18:30:30,21-Nov-2008 21:21:30,1
21-Nov-2008 21:22:30,21-Nov-2008 21:23:20,4
21-Nov-2008 21:30:30,21-Nov-2008 21:31:59,1
21-Nov-2008 22:30:20,21-Nov-2008 22:31:40,16
22-Nov-2008 00:22:22,22-Nov-2008 01:27:15,28
22-Nov-2008 01:28:19,22-Nov-2008 01:29:00,7
22-Nov-2008 01:29:19,22-Nov-2008 01:33:50,6
22-Nov-2008 01:36:29,22-Nov-2008 09:37:10,10
22-Nov-2008 09:37:20,22-Nov-2008 09:38:19,7
22-Nov-2008 09:38:49,22-Nov-2008 09:45:09,5
22-Nov-2008 09:45:29,22-Nov-2008 09:47:30,11
22-Nov-2008 10:21:00,22-Nov-2008 10:26:00,13
22-Nov-2008 10:26:00,22-Nov-2008 10:38:00,3
22-Nov-2008 10:44:29,22-Nov-2008 10:46:30,4
22-Nov-2008 10:56:40,22-Nov-2008 12:29:29,1
22-Nov-2008 12:31:59,22-Nov-2008 12:50:30,14
22-Nov-2008 12:50:50,22-Nov-2008 12:56:59,3
22-Nov-2008 13:04:00,22-Nov-2008 13:09:00,1
22-Nov-2008 13:10:00,22-Nov-2008 17:28:00,1
22-Nov-2008 17:46:09,22-Nov-2008 18:02:59,15
22-Nov-2008 18:02:59,22-Nov-2008 18:16:39,3
22-Nov-2008 18:21:30,22-Nov-2008 18:34:59,9
22-Nov-2008 18:36:00,22-Nov-2008 20:08:00,28
22-Nov-2008 20:10:29,22-Nov-2008 20:11:30,4
22-Nov-2008 20:13:29,23-Nov-2008 02:02:30,1
23-Nov-2008 02:11:19,23-Nov-2008 09:23:29,10
23-Nov-2008 05:28:50,23-Nov-2008 05:29:50,7
23-Nov-2008 09:24:00,23-Nov-2008 09:26:40,7
23-Nov-2008 09:25:59,23-Nov-2008 09:30:00,5
23-Nov-2008 09:33:30,23-Nov-2008 09:37:29,11
23-Nov-2008 09:37:40,23-Nov-2008 09:40:20,6
23-Nov-2008 09:44:10,23-Nov-2008 16:14:10,1
23-Nov-2008 16:14:29,23-Nov-2008 16:15:19,4
23-Nov-2008 16:44:20,23-Nov-2008 17:10:49,28
23-Nov-2008 17:11:30,23-Nov-2008 21:55:19,1
23-Nov-2008 21:56:44,23-Nov-2008 21:58:19,4
23-Nov-2008 22:00:30,24-Nov-2008 00:01:19,28
23-Nov-2008 23:14:00,23-Nov-2008 23:15:09,17
24-Nov-2008 00:15:19,24-Nov-2008 00:16:30,7
24-Nov-2008 00:16:30,24-Nov-2008 00:23:25,9
24-Nov-2008 00:25:50,24-Nov-2008 07:28:29,10
24-Nov-2008 07:29:30,24-Nov-2008 07:30:20,7
24-Nov-2008 07:34:10,24-Nov-2008 07:57:10,13
24-Nov-2008 07:43:10,24-Nov-2008 07:45:30,11
24-Nov-2008 07:57:10,24-Nov-2008 08:08:10,3
24-Nov-2008 09:33:59,24-Nov-2008 09:38:30,6
24-Nov-2008 09:39:20,24-Nov-2008 09:39:50,7
24-Nov-2008 11:19:30,24-Nov-2008 11:25:00,17
24-Nov-2008 11:26:39,24-Nov-2008 12:09:40,28
24-Nov-2008 13:07:39,24-Nov-2008 13:08:29,4
24-Nov-2008 13:10:00,24-Nov-2008 13:15:19,14
24-Nov-2008 13:15:19,24-Nov-2008 13:29:30,3
24-Nov-2008 14:36:30,24-Nov-2008 15:01:10,28
24-Nov-2008 16:46:30,24-Nov-2008 16:47:20,4
24-Nov-2008 16:58:59,24-Nov-2008 17:37:30,15
24-Nov-2008 17:37:30,24-Nov-2008 17:57:59,3
24-Nov-2008 18:00:00,24-Nov-2008 18:15:30,28
24-Nov-2008 18:16:09,24-Nov-2008 18:22:50,5
24-Nov-2008 18:22:52,24-Nov-2008 18:26:20,6
24-Nov-2008 18:27:00,24-Nov-2008 18:28:09,11
24-Nov-2008 18:33:39,24-Nov-2008 18:42:00,28
24-Nov-2008 18:38:19,24-Nov-2008 18:40:20,4
24-Nov-2008 18:43:19,24-Nov-2008 22:22:20,1
24-Nov-2008 22:24:59,24-Nov-2008 22:40:39,1
24-Nov-2008 23:34:50,24-Nov-2008 23:35:20,16
25-Nov-2008 00:14:50,25-Nov-2008 00:15:40,4
25-Nov-2008 00:17:29,25-Nov-2008 00:42:59,28
25-Nov-2008 00:44:30,25-Nov-2008 00:48:20,6
25-Nov-2008 00:48:09,25-Nov-2008 00:48:50,7
25-Nov-2008 00:50:30,25-Nov-2008 06:56:00,10
25-Nov-2008 06:57:19,25-Nov-2008 06:59:29,7
25-Nov-2008 07:00:19,25-Nov-2008 07:06:10,5
25-Nov-2008 07:07:20,25-Nov-2008 07:10:29,11
25-Nov-2008 07:14:29,25-Nov-2008 07:16:29,14
25-Nov-2008 07:20:10,25-Nov-2008 16:44:59,1
25-Nov-2008 17:01:00,25-Nov-2008 17:35:59,15
25-Nov-2008 17:05:30,25-Nov-2008 17:06:30,4
25-Nov-2008 17:36:40,25-Nov-2008 17:57:20,3
25-Nov-2008 17:57:50,25-Nov-2008 18:05:00,28
25-Nov-2008 18:06:55,25-Nov-2008 18:11:20,6
25-Nov-2008 18:11:29,25-Nov-2008 18:12:14,7
25-Nov-2008 18:14:29,25-Nov-2008 18:20:14,9
25-Nov-2008 18:31:40,25-Nov-2008 22:01:24,1
25-Nov-2008 22:02:05,25-Nov-2008 22:03:10,4
25-Nov-2008 22:04:39,25-Nov-2008 22:09:00,28
25-Nov-2008 23:20:20,25-Nov-2008 23:23:00,16
25-Nov-2008 23:23:22,26-Nov-2008 00:45:00,28
26-Nov-2008 00:13:19,26-Nov-2008 00:14:35,7
26-Nov-2008 00:19:30,26-Nov-2008 00:19:39,16
26-Nov-2008 00:45:44,26-Nov-2008 00:46:30,7
26-Nov-2008 00:47:00,26-Nov-2008 00:48:59,6
26-Nov-2008 00:49:10,26-Nov-2008 08:12:59,10
26-Nov-2008 00:51:10,26-Nov-2008 00:51:29,12
26-Nov-2008 08:16:10,26-Nov-2008 08:17:30,7
26-Nov-2008 08:17:59,26-Nov-2008 08:23:20,5
26-Nov-2008 08:23:44,26-Nov-2008 08:27:49,11
26-Nov-2008 08:34:59,26-Nov-2008 08:36:40,6
26-Nov-2008 08:42:00,26-Nov-2008 16:58:59,1
26-Nov-2008 17:08:10,26-Nov-2008 17:08:54,4
26-Nov-2008 17:15:29,26-Nov-2008 19:13:00,28
26-Nov-2008 19:13:09,26-Nov-2008 19:14:10,4
26-Nov-2008 19:33:59,26-Nov-2008 21:48:40,1
26-Nov-2008 21:49:30,26-Nov-2008 22:08:49,28
26-Nov-2008 21:51:10,26-Nov-2008 21:51:59,16
26-Nov-2008 23:04:29,27-Nov-2008 00:03:29,28
26-Nov-2008 23:38:49,26-Nov-2008 23:39:30,16
26-Nov-2008 23:48:20,26-Nov-2008 23:49:09,4
27-Nov-2008 00:04:49,27-Nov-2008 00:07:15,6
27-Nov-2008 00:07:49,27-Nov-2008 06:51:49,10
27-Nov-2008 00:11:20,27-Nov-2008 00:12:19,4
27-Nov-2008 00:11:59,27-Nov-2008 00:13:00,12
27-Nov-2008 06:52:10,27-Nov-2008 06:53:50,7
27-Nov-2008 06:53:59,27-Nov-2008 06:59:29,5
27-Nov-2008 06:59:59,27-Nov-2008 07:02:00,6
27-Nov-2008 07:02:55,27-Nov-2008 07:05:59,11
27-Nov-2008 07:13:59,27-Nov-2008 07:17:14,14
27-Nov-2008 07:20:30,27-Nov-2008 17:15:29,1
27-Nov-2008 17:18:29,27-Nov-2008 17:45:50,15
27-Nov-2008 17:45:50,27-Nov-2008 17:57:29,3
27-Nov-2008 17:58:19,27-Nov-2008 18:04:49,28
27-Nov-2008 18:04:49,27-Nov-2008 18:05:39,4
27-Nov-2008 18:07:10,27-Nov-2008 18:11:20,6
27-Nov-2008 18:22:09,27-Nov-2008 20:10:40,1
27-Nov-2008 20:14:39,27-Nov-2008 20:17:30,4
27-Nov-2008 20:18:50,27-Nov-2008 22:36:49,1
27-Nov-2008 22:38:59,28-Nov-2008 00:11:09,28
27-Nov-2008 22:41:55,27-Nov-2008 22:42:25,16
28-Nov-2008 00:17:35,28-Nov-2008 00:19:59,6
28-Nov-2008 00:20:59,28-Nov-2008 07:09:54,10
28-Nov-2008 07:10:59,28-Nov-2008 07:11:29,7
28-Nov-2008 07:12:00,28-Nov-2008 07:16:20,5
28-Nov-2008 07:18:00,28-Nov-2008 07:21:30,11
28-Nov-2008 07:29:00,28-Nov-2008 18:52:30,1
28-Nov-2008 18:59:55,28-Nov-2008 19:01:19,4
28-Nov-2008 19:25:49,28-Nov-2008 19:26:50,4
28-Nov-2008 19:30:29,28-Nov-2008 19:33:29,6
28-Nov-2008 20:01:00,28-Nov-2008 20:09:30,15
28-Nov-2008 20:09:30,28-Nov-2008 20:19:34,3
28-Nov-2008 21:01:40,28-Nov-2008 21:14:50,28
28-Nov-2008 21:14:59,28-Nov-2008 22:37:49,1
28-Nov-2008 22:38:30,28-Nov-2008 22:39:20,4
28-Nov-2008 22:43:10,28-Nov-2008 22:46:15,17
28-Nov-2008 22:47:40,28-Nov-2008 23:42:34,1
28-Nov-2008 23:45:50,29-Nov-2008 07:18:00,10
29-Nov-2008 07:18:30,29-Nov-2008 07:20:30,7
29-Nov-2008 07:22:29,29-Nov-2008 07:24:20,11
29-Nov-2008 07:28:10,29-Nov-2008 07:30:35,13
29-Nov-2008 07:30:40,29-Nov-2008 07:33:09,3
29-Nov-2008 07:35:35,29-Nov-2008 11:20:59,1
29-Nov-2008 11:23:59,29-Nov-2008 11:24:44,4
29-Nov-2008 11:44:10,29-Nov-2008 16:41:20,1
29-Nov-2008 16:52:50,29-Nov-2008 16:54:04,7
29-Nov-2008 16:55:39,29-Nov-2008 17:01:29,9
29-Nov-2008 17:07:29,29-Nov-2008 17:57:50,1
29-Nov-2008 18:03:44,29-Nov-2008 18:20:49,15
29-Nov-2008 18:20:59,29-Nov-2008 18:31:50,3
29-Nov-2008 18:32:19,29-Nov-2008 18:49:30,28
29-Nov-2008 18:50:00,29-Nov-2008 19:09:49,5
29-Nov-2008 18:54:29,29-Nov-2008 18:59:20,6
29-Nov-2008 18:59:29,29-Nov-2008 18:59:59,7
29-Nov-2008 19:10:29,29-Nov-2008 19:13:09,11
29-Nov-2008 19:19:25,30-Nov-2008 01:41:24,1
30-Nov-2008 01:45:30,30-Nov-2008 01:46:39,7
30-Nov-2008 01:47:09,30-Nov-2008 01:49:20,6
30-Nov-2008 01:49:59,30-Nov-2008 08:51:50,10
30-Nov-2008 08:52:55,30-Nov-2008 08:53:39,7
30-Nov-2008 08:54:00,30-Nov-2008 08:58:45,11
30-Nov-2008 09:00:59,30-Nov-2008 09:03:40,13
30-Nov-2008 09:03:50,30-Nov-2008 09:16:39,3
30-Nov-2008 09:16:50,30-Nov-2008 09:35:40,28
30-Nov-2008 09:39:00,30-Nov-2008 12:45:44,1
30-Nov-2008 12:46:30,30-Nov-2008 12:47:19,4
30-Nov-2008 12:57:34,30-Nov-2008 13:10:00,28
30-Nov-2008 13:11:40,30-Nov-2008 13:46:00,5
30-Nov-2008 13:46:54,30-Nov-2008 13:49:59,11
30-Nov-2008 13:51:30,30-Nov-2008 14:17:24,28
30-Nov-2008 14:17:45,30-Nov-2008 14:28:15,14
30-Nov-2008 14:28:30,30-Nov-2008 14:34:50,3
30-Nov-2008 14:34:59,30-Nov-2008 14:45:00,28
30-Nov-2008 14:46:40,30-Nov-2008 14:48:20,7
30-Nov-2008 14:48:54,30-Nov-2008 14:51:59,6
30-Nov-2008 14:57:29,30-Nov-2008 21:33:45,1
30-Nov-2008 22:17:55,01-Dec-2008 00:11:59,28
01-Dec-2008 00:12:19,01-Dec-2008 00:13:00,4
01-Dec-2008 00:15:40,01-Dec-2008 00:19:20,6
01-Dec-2008 00:19:09,01-Dec-2008 08:20:00,10
01-Dec-2008 08:20:59,01-Dec-2008 08:22:10,7
01-Dec-2008 08:24:40,01-Dec-2008 08:26:09,11
01-Dec-2008 08:28:54,01-Dec-2008 08:31:24,4
01-Dec-2008 08:32:29,01-Dec-2008 08:52:29,13
01-Dec-2008 08:52:55,01-Dec-2008 09:09:20,3
01-Dec-2008 09:42:50,01-Dec-2008 09:43:34,4
01-Dec-2008 09:47:30,01-Dec-2008 11:15:20,1
01-Dec-2008 11:23:59,01-Dec-2008 17:25:54,1
01-Dec-2008 17:32:29,01-Dec-2008 18:11:39,15
01-Dec-2008 18:04:10,01-Dec-2008 18:05:09,4
01-Dec-2008 18:11:00,01-Dec-2008 18:23:49,3
01-Dec-2008 18:35:40,01-Dec-2008 18:38:49,6
01-Dec-2008 18:42:29,01-Dec-2008 23:48:54,1
01-Dec-2008 23:51:20,02-Dec-2008 00:53:00,28
02-Dec-2008 00:33:30,02-Dec-2008 00:39:09,3
02-Dec-2008 00:39:09,02-Dec-2008 00:40:51,4
02-Dec-2008 00:56:29,02-Dec-2008 00:58:30,6
02-Dec-2008 00:59:00,02-Dec-2008 06:59:44,10
02-Dec-2008 06:09:10,02-Dec-2008 06:14:00,5
02-Dec-2008 07:00:34,02-Dec-2008 07:01:30,7
02-Dec-2008 07:01:45,02-Dec-2008 07:07:39,5
02-Dec-2008 07:08:10,02-Dec-2008 07:12:45,11
02-Dec-2008 07:14:40,02-Dec-2008 07:17:19,14
02-Dec-2008 07:21:50,02-Dec-2008 22:52:00,1
02-Dec-2008 23:54:59,02-Dec-2008 23:56:00,4
03-Dec-2008 00:01:49,03-Dec-2008 00:09:14,9
03-Dec-2008 00:09:10,03-Dec-2008 00:13:45,6
03-Dec-2008 00:09:55,03-Dec-2008 00:34:09,28
03-Dec-2008 00:35:10,03-Dec-2008 05:58:29,10
03-Dec-2008 05:59:30,03-Dec-2008 06:01:19,7
03-Dec-2008 06:14:40,03-Dec-2008 06:18:49,11
03-Dec-2008 06:20:40,03-Dec-2008 06:21:40,13
03-Dec-2008 06:21:54,03-Dec-2008 06:25:20,3
03-Dec-2008 06:36:50,03-Dec-2008 06:38:39,6
03-Dec-2008 06:48:40,03-Dec-2008 16:43:15,1
03-Dec-2008 16:51:54,03-Dec-2008 17:43:09,1
03-Dec-2008 17:48:59,03-Dec-2008 18:29:29,15
03-Dec-2008 18:29:55,03-Dec-2008 18:45:59,3
03-Dec-2008 18:46:55,03-Dec-2008 18:48:59,4
03-Dec-2008 18:50:30,04-Dec-2008 00:05:39,28
03-Dec-2008 19:58:15,03-Dec-2008 19:58:55,4
03-Dec-2008 21:49:30,03-Dec-2008 21:51:49,4
03-Dec-2008 22:04:35,03-Dec-2008 22:06:30,4
04-Dec-2008 00:14:09,04-Dec-2008 00:14:50,7
04-Dec-2008 00:16:00,04-Dec-2008 06:59:00,10
04-Dec-2008 06:59:59,04-Dec-2008 07:01:15,7
04-Dec-2008 07:01:30,04-Dec-2008 07:07:00,5
04-Dec-2008 07:08:20,04-Dec-2008 07:10:50,11
04-Dec-2008 07:21:20,04-Dec-2008 16:48:30,1
04-Dec-2008 17:06:50,04-Dec-2008 17:35:29,15
04-Dec-2008 17:36:30,04-Dec-2008 17:51:30,3
04-Dec-2008 19:29:45,04-Dec-2008 19:30:29,4
04-Dec-2008 19:44:14,04-Dec-2008 22:30:14,1
04-Dec-2008 22:46:15,04-Dec-2008 22:47:00,17
04-Dec-2008 22:47:14,05-Dec-2008 03:02:30,28
05-Dec-2008 03:03:20,05-Dec-2008 03:04:19,4
05-Dec-2008 03:13:15,05-Dec-2008 03:15:10,6
05-Dec-2008 03:16:39,05-Dec-2008 07:01:15,10
05-Dec-2008 07:04:30,05-Dec-2008 07:05:49,4
05-Dec-2008 07:16:59,05-Dec-2008 07:18:30,6
05-Dec-2008 07:18:39,05-Dec-2008 07:21:24,11
05-Dec-2008 07:24:39,05-Dec-2008 15:39:50,1
05-Dec-2008 15:41:45,05-Dec-2008 15:42:35,4
05-Dec-2008 16:02:55,05-Dec-2008 16:52:00,28
05-Dec-2008 16:52:54,05-Dec-2008 17:13:49,15
05-Dec-2008 17:09:15,05-Dec-2008 17:25:45,3
05-Dec-2008 17:26:29,05-Dec-2008 17:48:54,28
05-Dec-2008 17:49:49,05-Dec-2008 17:59:30,9
05-Dec-2008 18:04:25,05-Dec-2008 18:05:20,4
05-Dec-2008 18:32:58,05-Dec-2008 19:04:59,1
05-Dec-2008 19:25:14,05-Dec-2008 19:27:31,4
05-Dec-2008 20:01:59,06-Dec-2008 00:04:10,1
06-Dec-2008 00:05:30,06-Dec-2008 00:06:49,17
06-Dec-2008 00:08:00,06-Dec-2008 00:10:39,16
06-Dec-2008 04:49:54,06-Dec-2008 04:50:40,4
06-Dec-2008 04:51:49,06-Dec-2008 08:31:19,10
06-Dec-2008 08:32:00,06-Dec-2008 08:32:44,7
06-Dec-2008 08:33:45,06-Dec-2008 08:35:10,11
06-Dec-2008 08:43:59,06-Dec-2008 08:54:59,13
06-Dec-2008 08:51:30,06-Dec-2008 09:02:39,3
06-Dec-2008 09:52:30,06-Dec-2008 10:55:09,1
06-Dec-2008 10:58:29,06-Dec-2008 11:03:00,17
06-Dec-2008 11:00:39,06-Dec-2008 11:42:00,22
06-Dec-2008 11:45:09,06-Dec-2008 12:13:00,28
06-Dec-2008 12:13:30,06-Dec-2008 12:14:20,4
06-Dec-2008 12:17:50,06-Dec-2008 13:25:49,1
06-Dec-2008 13:27:29,06-Dec-2008 13:29:39,7
06-Dec-2008 13:36:59,06-Dec-2008 18:14:44,1
06-Dec-2008 18:17:55,06-Dec-2008 18:18:25,4
06-Dec-2008 18:31:00,07-Dec-2008 01:03:30,1
07-Dec-2008 01:04:54,07-Dec-2008 01:05:55,4
07-Dec-2008 01:06:30,07-Dec-2008 02:00:50,28
07-Dec-2008 02:04:49,07-Dec-2008 02:06:59,6
07-Dec-2008 02:07:29,07-Dec-2008 02:08:10,7
07-Dec-2008 02:08:39,07-Dec-2008 09:37:05,10
07-Dec-2008 08:10:05,07-Dec-2008 08:11:10,7
07-Dec-2008 09:37:10,07-Dec-2008 09:38:54,11
07-Dec-2008 09:39:35,07-Dec-2008 09:41:30,4
07-Dec-2008 09:42:00,07-Dec-2008 09:42:50,13
07-Dec-2008 09:43:10,07-Dec-2008 09:48:44,3
07-Dec-2008 09:49:40,07-Dec-2008 12:19:15,1
07-Dec-2008 12:37:29,07-Dec-2008 13:10:50,5
07-Dec-2008 12:43:25,07-Dec-2008 12:44:00,7
07-Dec-2008 13:12:15,07-Dec-2008 13:19:49,9
07-Dec-2008 13:21:09,07-Dec-2008 13:27:29,11
07-Dec-2008 13:32:24,07-Dec-2008 14:18:29,28
07-Dec-2008 14:18:55,07-Dec-2008 14:20:00,4
07-Dec-2008 14:24:29,07-Dec-2008 21:22:44,1
07-Dec-2008 21:23:29,07-Dec-2008 21:24:19,4
07-Dec-2008 21:27:00,08-Dec-2008 02:17:30,28
07-Dec-2008 21:29:19,07-Dec-2008 21:30:00,17
08-Dec-2008 02:18:20,08-Dec-2008 02:19:34,4
08-Dec-2008 02:22:34,08-Dec-2008 02:23:00,12
08-Dec-2008 02:24:10,08-Dec-2008 08:15:00,10